,expVar,r2,rmse
0,0.2499205632056004,0.2494427949966722,-1.0508233112085992
1,0.8762205749766997,0.8517611099463914,-0.14793518235082037
2,0.38955507517837007,0.3248380305709593,-0.4923366616306488
3,0.7274715937740823,0.6550779404360385,-0.28938409681443145
4,0.2793709652774822,0.21121704483970827,-0.6461121424906229
