,expVar,r2,rmse
0,0.5168758242935674,0.513662785665333,-0.637109486065123
1,0.8479650843123665,0.8473829255308463,-0.16223401916787294
2,0.8796357100050898,0.8464416935459538,-0.15944892402232808
3,0.5588642354241857,0.3817237521404624,-0.31353616516663096
4,0.8362424403010228,0.5992164009330516,-0.17658316647112382
