{"mean_rec": [0.0, 0.0101010101010101, 0.0202020202020202, 0.0303030303030303, 0.0404040404040404, 0.0505050505050505, 0.0606060606060606, 0.0707070707070707, 0.0808080808080808, 0.0909090909090909, 0.101010101010101, 0.1111111111111111, 0.1212121212121212, 0.1313131313131313, 0.1414141414141414, 0.1515151515151515, 0.1616161616161616, 0.1717171717171717, 0.1818181818181818, 0.1919191919191919, 0.202020202020202, 0.2121212121212121, 0.2222222222222222, 0.2323232323232323, 0.2424242424242424, 0.2525252525252525, 0.2626262626262626, 0.2727272727272727, 0.2828282828282829, 0.2929292929292929, 0.303030303030303, 0.3131313131313131, 0.3232323232323232, 0.3333333333333333, 0.3434343434343435, 0.3535353535353536, 0.3636363636363636, 0.3737373737373737, 0.3838383838383838, 0.393939393939394, 0.4040404040404041, 0.4141414141414142, 0.4242424242424242, 0.4343434343434343, 0.4444444444444445, 0.4545454545454546, 0.4646464646464647, 0.4747474747474748, 0.4848484848484848, 0.494949494949495, 0.5050505050505051, 0.5151515151515152, 0.5252525252525253, 0.5353535353535354, 0.5454545454545455, 0.5555555555555556, 0.5656565656565657, 0.5757575757575758, 0.5858585858585859, 0.595959595959596, 0.6060606060606061, 0.6161616161616162, 0.6262626262626263, 0.6363636363636365, 0.6464646464646465, 0.6565656565656566, 0.6666666666666667, 0.6767676767676768, 0.686868686868687, 0.696969696969697, 0.7070707070707072, 0.7171717171717172, 0.7272727272727273, 0.7373737373737375, 0.7474747474747475, 0.7575757575757577, 0.7676767676767677, 0.7777777777777778, 0.787878787878788, 0.797979797979798, 0.8080808080808082, 0.8181818181818182, 0.8282828282828284, 0.8383838383838385, 0.8484848484848485, 0.8585858585858587, 0.8686868686868687, 0.8787878787878789, 0.888888888888889, 0.8989898989898991, 0.9090909090909092, 0.9191919191919192, 0.9292929292929294, 0.9393939393939394, 0.9494949494949496, 0.9595959595959596, 0.9696969696969696, 0.97979797979798, 0.98989898989899, 1.0], "mean_pre": [1.0, 0.08333333333333333, 0.08333333333333333, 0.08333333333333333, 0.08333333333333333, 0.08333333333333333, 0.08333333333333333, 0.07044319895197086, 0.07425963785612906, 0.07807607676028723, 0.08189251566444544, 0.08570895456860367, 0.08952539347276185, 0.0419483177936128, 0.044904664418220996, 0.0478610110428292, 0.05081735766743736, 0.05377370429204554, 0.056730050916653736, 0.052293436965755696, 0.05472869107412253, 0.0571639451824894, 0.05959919929085627, 0.062034453399223165, 0.06446970750759, 0.0225447588890499, 0.023417724291026332, 0.024290689693002798, 0.02516365509497923, 0.026036620496955667, 0.0269095858989321, 0.019207214723785466, 0.019704566482410733, 0.020201918241036, 0.020699269999661266, 0.021196621758286568, 0.021693973516911835, 0.022191325275537133, 0.018603250496061863, 0.018994498985067235, 0.019385747474072634, 0.019776995963078033, 0.0201682444520834, 0.0205594929410888, 0.019836462428219168, 0.020201055624400267, 0.02056564882058137, 0.020930242016762468, 0.021294835212943602, 0.0216594284091247, 0.019810427683385066, 0.020130595170531132, 0.0204507626576772, 0.0207709301448232, 0.021091097631969268, 0.02141126511911533, 0.016745516472842434, 0.0169796165195915, 0.017213716566340534, 0.017447816613089598, 0.017681916659838634, 0.0179160167065877, 0.016700066800267168, 0.016700066800267168, 0.016700066800267168, 0.016700066800267168, 0.016700066800267168, 0.016700066800267168, 0.016700066800267168, 0.016700066800267168, 0.016700066800267168, 0.016700066800267168, 0.016700066800267168, 0.016700066800267168, 0.016700066800267168, 0.016700066800267168, 0.016700066800267168, 0.016700066800267168, 0.016700066800267168, 0.016700066800267168, 0.016700066800267168, 0.016700066800267168, 0.016700066800267168, 0.016700066800267168, 0.016700066800267168, 0.016700066800267168, 0.016700066800267168, 0.016700066800267168, 0.016700066800267168, 0.016700066800267168, 0.016700066800267168, 0.016700066800267168, 0.016700066800267168, 0.016700066800267168, 0.016700066800267168, 0.016700066800267168, 0.016700066800267168, 0.016700066800267168, 0.016700066800267168, 0.016700066800267168], "std_pre": [0.0, 0.02946278254943948, 0.02946278254943948, 0.02946278254943948, 0.02946278254943948, 0.02946278254943948, 0.02946278254943948, 0.03996288507434788, 0.0377465968889774, 0.035644078881214535, 0.03367664667450409, 0.031869328398107036, 0.030250835413443665, 0.029902484021408108, 0.03189264528719115, 0.03388283511260689, 0.03587304874430253, 0.0378632824282786, 0.03985353316038065, 0.046265018867255446, 0.04828807694903482, 0.050311136061238056, 0.052334196084367283, 0.054357256916714454, 0.056380318471169484, 0.009145113342376684, 0.009493124642552083, 0.009841136244863323, 0.010189148118351903, 0.010537160236149323, 0.010885172574822887, 0.006497789110351835, 0.006849480644491101, 0.007201173596779173, 0.007552867769111329, 0.00790456299863897, 0.008256259150260696, 0.008607956110954273, 0.0066145440935060345, 0.006894689804077876, 0.007175166052852406, 0.007455935537515431, 0.007736966334112791, 0.008018230966543324, 0.007165571222452321, 0.007424844658713408, 0.007684209487103906, 0.007943656755616677, 0.0082031786420933, 0.00846276828176341, 0.007821266289835429, 0.008053810241721188, 0.008286585403837582, 0.008519572824551607, 0.008752755553703473, 0.008986118387003347, 0.004784893349962119, 0.004950419495995551, 0.005115962035059502, 0.005281519425697877, 0.005447090313726586, 0.005612673504648264, 0.004723492192294896, 0.004723492192294896, 0.004723492192294896, 0.004723492192294896, 0.004723492192294896, 0.004723492192294896, 0.004723492192294896, 0.004723492192294896, 0.004723492192294896, 0.004723492192294896, 0.004723492192294896, 0.004723492192294896, 0.004723492192294896, 0.004723492192294896, 0.004723492192294896, 0.004723492192294896, 0.004723492192294896, 0.004723492192294896, 0.004723492192294896, 0.004723492192294896, 0.004723492192294896, 0.004723492192294896, 0.004723492192294896, 0.004723492192294896, 0.004723492192294896, 0.004723492192294896, 0.004723492192294896, 0.004723492192294896, 0.004723492192294896, 0.004723492192294896, 0.004723492192294896, 0.004723492192294896, 0.004723492192294896, 0.004723492192294896, 0.004723492192294896, 0.004723492192294896, 0.004723492192294896, 0.004723492192294896], "mean_auc": 0.03550875077743336, "std_auc": 0.011897712198383164}