,expVar,r2,rmse
0,0.5515781352780542,0.4606464645757793,-0.49890848665406756
1,0.3762192045660178,0.2676809459171575,-0.723348716446877
2,0.7269370659900907,0.6536119832344011,-0.27446825686125803
