,top50_OR2,rank_OR2,fit_imp_OR2,top50_OR1,rank_OR1,fit_imp_OR1,top50_OR3,rank_OR3,fit_imp_OR3
0,0.3333333333333333,262.0,0.009345794392523364,0.16666666666666666,1232.5,0.004901960784313725,0.25,220.5,0.00819672131147541
1,0.0,654.0,0.002336448598130841,0.16666666666666666,841.0,0.00980392156862745,0.25,424.0,0.00819672131147541
2,0.0,356.5,0.007009345794392522,0.16666666666666666,375.0,0.01470588235294118,0.25,203.5,0.00819672131147541
